Timestamp,Date,USDT,USDC,PYUSD,USDe,DAI,FDUSD
1731369600,2024-11-12,124521598923,36816867881,535308243.4,2993471950,4725164276,2024056563
1731283200,2024-11-11,124088086130,37179471913,547961186,2940525114,4741285322,2048254940
1731196800,2024-11-10,123358597847,36868739164,547961186,2912203019,4737559186,2023641440
1731110400,2024-11-09,123092672428,37062038633,547413772,2908378191,4741248085,2034073155
1731024000,2024-11-08,122159677788,36823262419,542575305,2865415523,4712185843,2025411626
1730937600,2024-11-07,121715931940,36801314003,554253752,2812459919,4794503001,2039891995
1730851200,2024-11-06,120624809985,35470656227,543460516,2804393127,4764243334,2054988014
1730764800,2024-11-05,120625494594,35088820720,534207616,2794265153,4886089283,2122560130
1730678400,2024-11-04,120534696883,34853938348,600883740,2772163826,4879470757,2152237639
1730592000,2024-11-03,120349357582,34789622233,599684371,2758683284,4866672663,2151950743
1730505600,2024-11-02,120512798318,34622622340,568631607,2754645636,4884328359,2154537121
1730419200,2024-11-01,120343914501,34420642727,570820903,2744724760,4818538160,2216195247
1730332800,2024-10-31,120421539375,34777501228,579080492,2717271745,4928714800,2227925328
1730246400,2024-10-30,120436072197,34498297546,597319312,2698541913,4902313470,2255060806
1730160000,2024-10-29,119942921071,34394839252,595158166,2686459009,4866931877,2277265566
1730073600,2024-10-28,120439762853,34413874082,629669776,2620657361,4908916414,2308403922
1729987200,2024-10-27,120157096379,34353139387,629456947,2618929112,4927853719,2302857756
1729900800,2024-10-26,120083115641,34381461314,616826970,2618599779,4882869773,2300655433
1729814400,2024-10-25,119682255894,34044155374,631069707,2594026923,4935521233,2279254647
1729728000,2024-10-24,120108145288,34044724487,650849708,2601891148,4952820927,2311687696
1729641600,2024-10-23,120080509533,34279402510,643799374,2574397489,4971285257,2363780362
1729555200,2024-10-22,120113836282,34415514390,637428956,2545937539,5037390714,2418100843
1729468800,2024-10-21,119892595237,34657548575,628164418,2545447391,5108328360,2430181507
1729382400,2024-10-20,120029907529,34640925572,627492910,2510086431,5102713168,2432479469
1729296000,2024-10-19,120061403581,34665504068,628164418,2437410098,5105872823,2432749961
1729209600,2024-10-18,119987498938,34454632460,604736175,2436089022,5099306905,2499861912
1729123200,2024-10-17,119849731302,34505620498,610186640,2412641868,5127296611,2573952387
1729036800,2024-10-16,119729083804,34621198865,617665750,2432612674,5115698980,2680014461
1728950400,2024-10-15,119759196663,34615260299,667880199,2430367525,5114297731,2829048075
1728864000,2024-10-14,119970689520,34796901051,673916692,2433538306,5150098882,2889146895
1728777600,2024-10-13,119731227066,34759320262,673916779,2435933562,5156605629,2871714174
1728691200,2024-10-12,119713343886,34712825276,675362799,2434102839,5144870249,2877636349
1728604800,2024-10-11,119678684469,34452356017,691713135,2437376029,5165848894,2870249457
1728518400,2024-10-10,119728449348,34528023121,707697091,2452366859,5178554108,2873833782
1728432000,2024-10-09,119733298919,34792878133,689746660,2456289035,5207741227,2597646854
1728345600,2024-10-08,119800509802,35098642783,705536582,2473720085,5220368074,2294129962
1728259200,2024-10-07,119268972945,35269915641,728803244,2473984811,5007143210,2271121673
1728172800,2024-10-06,120029038935,35424268385,729819597,2534118619,5006763509,2297739644
1728086400,2024-10-05,119613173396,35296378962,729067176,2534526373,5001517457,2290049906
1728000000,2024-10-04,119613458484,35294228408,694957897,2535107265,5004472959,2345276720
1727913600,2024-10-03,119633735737,35327000351,692342631,2533269818,5033727891,2415967768
1727827200,2024-10-02,119650346135,35308113870,698992484,2536670706,4829280536,2484009029
1727740800,2024-10-01,119594589074,35173561779,704883092,2534990217,5031997598,2495013336
1727654400,2024-09-30,119462461852,35968243766,694958519,2541847010,5028998841,2498619635
1727568000,2024-09-29,119406925003,36038353425,695295189,2548918645,5006044896,2505182881
1727481600,2024-09-28,119381689597,36046938484,695265974,2548842126,5003728332,2503979995
1727395200,2024-09-27,119347429356,36056633973,710318939,2550423026,5082411943,2597244008
1727308800,2024-09-26,119274429856,35815541400,702837062,2556835219,5070154460,2702826730
1727222400,2024-09-25,119190344327,35771049040,711727805,2545592897,5025282288,2670851463
1727136000,2024-09-24,119209005948,35609776107,723119833,2580596345,5104613408,2680428155
1727049600,2024-09-23,119157360693,35651896571,704585347,2582059041,5057166727,2620346275
1726963200,2024-09-22,119276518054,35647506737,705744432,2586242989,5069733686,2638818001
1726876800,2024-09-21,119161364466,35531625351,704863838,2589017416,5064170284,2625715627
1726790400,2024-09-20,118997000159,35365440646,732925884,2591006592,5143308716,2609032344
1726704000,2024-09-19,118896720603,35363885586,721275140,2597200057,5248963362,2618008752
1726617600,2024-09-18,118972104600,35405736481,725193466,2600433251,5294274070,2558491996
1726531200,2024-09-17,118689782497,35232218043,732634647,2614039935,5330766680,2419506237
1726444800,2024-09-16,118931099377,35491876581,772855966,2658847331,5336019406,2199461206
1726358400,2024-09-15,119047660344,35515079894,771300989,2665510938,5334399331,2195071064
1726272000,2024-09-14,118608616138,35519883218,771260069,2669859191,5317504718,2197266135
1726185600,2024-09-13,118373416045,35151205162,789918642,2685729342,5290468033,2199461206
1726099200,2024-09-12,118416549802,35138315580,827607444,2686267003,5283507994,2208947338
1726012800,2024-09-11,118433539059,35107738761,840461885,2688327462,5276416756,2213491677
1725926400,2024-09-10,118539409927,34922220926,858584063,2693719593,5272032680,2230634592
1725840000,2024-09-09,118177509123,34756113371,877060883,2691777427,5292948066,2238777532
1725753600,2024-09-08,118094548512,34701506105,883439788,2688849219,5284037270,2228023089
1725667200,2024-09-07,118133075576,34609362442,884943307,2691214115,5269563382,2240731866
1725580800,2024-09-06,118099392311,34703034575,913546939,2690071635,5162257231,2301583493
1725494400,2024-09-05,118128267807,34694349289,906561260,2689210626,5191412673,2324051090
1725408000,2024-09-04,118120984280,34428750988,898018534,2704431707,5260469202,2403384986
1725321600,2024-09-03,118081163534,34567470119,917119933,2711752470,5245630965,2473093174
1725235200,2024-09-02,118329335994,34557856068,908112034,2802332662,5253973951,2480641660
1725148800,2024-09-01,118025215506,34434304706,907881360,2831319219,5239373914,2457215581
1725062400,2024-08-31,118210924869,34509386329,907829595,2837624769,5247773476,2475836501
1724976000,2024-08-30,118195672005,34419245011,969349498,2882998422,5252800988,2577150611
1724889600,2024-08-29,118071957569,33931434451,992271945,2903894402,5256711964,2686042706
1724803200,2024-08-28,118055107985,33820804202,1009743951,2924184976,5261783784,2783826306
1724716800,2024-08-27,117910201291,34052128230,1008167347,2932496016,5236352183,2810492254
1724630400,2024-08-26,117826540080,34339165046,1011864240,2941605844,5069414666,2810313356
1724544000,2024-08-25,117960181426,34428878606,1012876104,2951241293,5061812234,2819086036
1724457600,2024-08-24,117627722034,34423979478,998790529,2960638161,5064157693,2815117912
1724371200,2024-08-23,117648169338,34213684312,960000694,3000570884,5069904952,2424397268
1724284800,2024-08-22,117371515154,34428785586,950608442,3026288225,5073650972,2324968575
1724198400,2024-08-21,117262503316,34309176722,887172193,3045251509,5086192559,2144331007
1724112000,2024-08-20,116995756969,34438088569,867314688,3064111623,5097013305,2070850472
1724025600,2024-08-19,116888957760,34344730172,844768564,3086072386,5157376358,2020662142
1723939200,2024-08-18,116887299260,34378786343,828269790,3085496840,5165553940,2018195359
1723852800,2024-08-17,116833969260,34355462675,828756368,3090031021,5154681987,2020662142
1723766400,2024-08-16,116699423797,34083545244,792469210,3091798530,5139088908,1859053742
1723680000,2024-08-15,116650846694,34033979753,767612854,3101819803,5150074409,1740090681
1723593600,2024-08-14,116129081961,34029385017,748821199,3110316708,5111149139,1676617446
1723507200,2024-08-13,115889054746,34058003605,734798043,3113135869,5117742373,1580527711
1723420800,2024-08-12,115756322080,34059273081,705752231,3117357850,5125824935,1586702563
1723334400,2024-08-11,115445826851,33965850211,705551049,3114286565,5135904738,1582788908
1723248000,2024-08-10,115574281399,33996186928,705901884,3117890643,5134541826,1583724127
1723161600,2024-08-09,115532191788,34064648192,696239649,3118086693,5148190829,1584459622
1723075200,2024-08-08,115656673750,34226686518,684432340,3113451643,5158932474,1645016015
1722988800,2024-08-07,114556867042,33808347110,669614935,3114729817,5154851686,1628660329
1722902400,2024-08-06,114572011258,33320174780,651617379,3110732669,5136271254,1659837703
1722816000,2024-08-05,114694368645,32831859620,657635298,3207347373,5192902067,1622471182
1722729600,2024-08-04,114694368645,32705368390,657635298,3209364893,5162086491,1622471182
1722643200,2024-08-03,114709383647,32589592799,657635298,3223382159,5162361401,1622471182
1722556800,2024-08-02,114667956088,32554955077,641488811,3203907336,5181943056,1628947659
1722470400,2024-08-01,114662166761,32975847532,626039974,3209224502,5191241942,1623966750
1722384000,2024-07-31,114518259273,33149411119,612913113,3210102227,5211038903,1636384693
1722297600,2024-07-30,114513725531,33338671490,581888069,3214697200,5139736752,1630367080
1722211200,2024-07-29,114459214526,33720652739,586971013,3221218073,5184240282,1630050498
1722124800,2024-07-28,114459557936,33740364231,586676870,3225598554,5187379354,1630817475
1722038400,2024-07-27,114325513751,33714062895,586998607,3247175348,5158998851,1627889909
1721952000,2024-07-26,114315607314,33361587350,587044402,3306792665,5180941646,1632386436
1721865600,2024-07-25,114424345507,33604215849,588634584,3393150909,5194000256,1642540583
1721779200,2024-07-24,114433699332,33732919382,585824815,3398420252,5231403626,1644864773
1721692800,2024-07-23,114307338921,33626271408,598301478,3404190328,5243282092,1614678280
1721606400,2024-07-22,114180894195,33560640016,584541597,3399752242,5335918261,1614678280
1721520000,2024-07-21,114015056195,33682778051,585003835,3401303769,5382879132,1614678280
1721433600,2024-07-20,114201306550,33623361139,584823036,3408357557,5267780159,1617904411
1721347200,2024-07-19,113678352175,33275274105,577791664,3401547156,5221745754,1630065310
1721260800,2024-07-18,113605223018,33374823978,572715379,3395677911,5240164439,1585599205
1721174400,2024-07-17,113216677692,33570247780,577951100,3395160183,5268232509,1587981081
1721088000,2024-07-16,112977167082,33534861013,586909625,3397941031,5246534840,1560734560
1721001600,2024-07-15,112651587060,33562816942,568925249,3409840797,5261658715,1555920861
1720915200,2024-07-14,112469048012,33562784870,569872000,3409691688,5275335098,1555920861
1720828800,2024-07-13,112527287879,33268168821,571010605,3451232467,5223166878,1563692693
1720742400,2024-07-12,112371024626,33579251630,571992174,3445012783,5191997432,1526490885
1720656000,2024-07-11,112364578514,33709067966,534007095,3448727096,5172835705,1533454912
1720569600,2024-07-10,112268563180,33577970554,535074043,3456665730,5171111382,1531963470
1720483200,2024-07-09,112141060909,33460412370,533303443,3453597406,5157462490,1539247601
1720396800,2024-07-08,112192511744,33350470878,518108092,3470375545,5231671277,1537487498
1720310400,2024-07-07,112181849713,33350738900,514617461,3479394195,5232655544,1535881539
1720224000,2024-07-06,112245912309,33260152489,519143273,3517617426,5111703920,1541289139
1720137600,2024-07-05,112468091106,32561049603,511836451,3591502743,5058562218,1615350326
1720051200,2024-07-04,112321847819,32363274896,508699676,3602564446,5087726504,1610064503
1719964800,2024-07-03,112414097319,32178206680,499370413,3604552054,5098338444,1633146988
1719878400,2024-07-02,112528906376,32128971517,494636023,3602781003,5067497885,1700870657
1719792000,2024-07-01,112644085827,31820856468,497484619,3601156879,5006678278,1706577829
1719705600,2024-06-30,112633305704,31902227712,499487564,3603650330,5059898651,1801628605
1719619200,2024-06-29,112511901163,31895447709,498223861,3598491630,5041993048,1801045987
1719532800,2024-06-28,112456905562,32247226986,364474068,3597982337,5083281992,1828305458
1719446400,2024-06-27,112501741675,32534613914,347425286,3573377452,5054657644,1854404467
1719360000,2024-06-26,112675718651,32376832298,274014433,3578406851,5105194146,1845906109
1719273600,2024-06-25,112837386516,32157441213,274360130,3567193270,5097823454,1858113155
1719187200,2024-06-24,112712121558,32258868563,280742399,3561719198,5119867091,1911652737
1719100800,2024-06-23,112745185060,32299130350,280832914,3568547604,5120989095,1913801242
1719014400,2024-06-22,112768729394,32283135151,280498841,3571616138,5084623791,1914831453
1718928000,2024-06-21,112727670160,32197360451,275430643,3564620143,5098800443,1991235098
1718841600,2024-06-20,112422743974,32388264196,272902310,3529648212,5160797792,1992104325
1718755200,2024-06-19,112429308678,32367192421,269584304,3528080410,5172296115,2002894314
1718668800,2024-06-18,112434908442,32057726951,269743446,3531298483,5180465930,2068506827
1718582400,2024-06-17,112469528689,32080693809,284159837,3528621312,5150870396,2173602818
1718496000,2024-06-16,112404705952,32042724892,288930998,3523287929,5154077105,2168512983
1718409600,2024-06-15,112438892495,32295116493,289363673,3523337117,5134034035,2171183843
1718323200,2024-06-14,112360161557,32173434706,268898580,3487769006,5181064992,2330498736
1718236800,2024-06-13,112392502753,32001922533,269793385,3465391369,5204556378,2418064551
1718150400,2024-06-12,112403196183,31731991876,269745814,3443088868,5204660715,2555222893
1718064000,2024-06-11,112400182740,31702737300,269693747,3398126040,5212876396,2813738237
1717977600,2024-06-10,112352057250,31822150979,270388481,3387778259,5184011889,2897605662
1717891200,2024-06-09,112352062755,31808895978,270555365,3344432763,5174615173,2900819771
1717804800,2024-06-08,112364113019,31834632607,270524627,3278514029,5190507944,2903720590
1717718400,2024-06-07,112350781269,32124188766,270714259,3223686623,5180564897,2576066064
1717632000,2024-06-06,112315084780,32213231438,289892404,3150685265,5219307277,2383593964
1717545600,2024-06-05,112246152774,32015722403,272681316,3114764057,5173815563,2384255703
1717459200,2024-06-04,112253386803,31937088487,272677130,3072998356,5162614163,2433451871
1717372800,2024-06-03,111768176445,31991608304,272091154,3031572924,5194656885,2523281917
1717286400,2024-06-02,111742411880,31984423725,271980868,3017539137,5229972810,2526500212
1717200000,2024-06-01,111670666791,32034473251,272024903,2999994500,5220339281,2523790069
1717113600,2024-05-31,111547940808,31969707611,272009005,2974547681,5263202066,2539582552
1717027200,2024-05-30,111469246211,31803642258,272557728,2929994820,5236392346,2583212135
1716940800,2024-05-29,111440850787,31929465547,272710387,2898476729,5243169657,2616035997
1716854400,2024-05-28,111500832530,32177394906,272996364,2846858209,5249157238,2739804441
1716768000,2024-05-27,111560113627,32272615585,273147850,2793739458,5200819542,2762028432
1716681600,2024-05-26,111588108133,32347322158,272825339,2768568885,5219331611,2761962099
1716595200,2024-05-25,111550949298,32405022322,273108965,2749319722,5222833432,2766633038
1716508800,2024-05-24,111572269413,32401500028,273094087,2659186292,5213872930,2959213444
1716422400,2024-05-23,111427321786,32736190566,273090311,2571418179,5245088503,3035130182
1716336000,2024-05-22,111409831620,32723866746,273589709,2553767835,5251265002,3039800725
1716249600,2024-05-21,111052418306,32958614965,273582728,2503117954,5313462666,3154247282
1716163200,2024-05-20,111128449259,33131673925,270880228,2454550785,5438766692,3175133509
1716076800,2024-05-19,111124893148,33173429460,270696877,2440805745,5431507980,3185235984
1715990400,2024-05-18,111016525058,33075085306,270652084,2413316997,5364542858,3173404199
1715904000,2024-05-17,110899115803,32945131445,268017673,2345628796,5367325779,3246377678
1715817600,2024-05-16,110717237401,32887244589,245345189,2316334961,5392917861,3422604940
1715731200,2024-05-15,110662498986,32521671358,245128702,2313488586,5369062730,3428633279
1715644800,2024-05-14,110595556329,32748090146,245327782,2312796800,5398541999,3476989651
1715558400,2024-05-13,110573815188,32714015733,249547144,2301691105,5402548577,3430585976
1715472000,2024-05-12,110603634065,32726303585,249452386,2300932014,5397128932,3446929651
1715385600,2024-05-11,110519575313,32705820396,249690833,2299417858,5381660690,3440049552
1715299200,2024-05-10,110736343640,32712102979,244462373,2296762611,5375145999,3437049562
1715212800,2024-05-09,110741959662,32704070244,219636797,2292737781,5344453240,3455605359
1715126400,2024-05-08,110782806360,32866083377,218562206,2292033658,5297857143,3442376456
1715040000,2024-05-07,110932445060,32904422894,218176667,2291560881,5294016770,3484610662
1714953600,2024-05-06,110636188433,33235423826,192703622,2286378751,5381020141,3471347770
1714867200,2024-05-05,110745496055,33164514131,191949661,2289759260,5352339712,3470822198
1714780800,2024-05-04,110613549804,33082677920,192277120,2297061077,5256483075,3484090282
1714694400,2024-05-03,110314646299,32761048941,207052352,2298978834,5187097494,3527069130
1714608000,2024-05-02,110209255303,32626246394,191870539,2300403470,5129573483,3801252000
1714521600,2024-05-01,110376575387,32769862308,192395464,2331626119,5170669579,3822612760
1714435200,2024-04-30,110324811294,32568865450,166427539,2341697511,5192504776,3921460418
1714348800,2024-04-29,110265964617,32780032991,166823489,2347991517,5213369495,4039769253
1714262400,2024-04-28,110245517579,32782322939,166680608,2347686243,5226934763,4046423012
1714176000,2024-04-27,110235570648,32720618703,167081501,2352039104,5146377288,4039583304
1714089600,2024-04-26,110338434563,32808950493,168224050,2365663987,5147948912,4026747617
1714003200,2024-04-25,110356203973,32776174319,160402998,2364145987,5152864745,4034914565
1713916800,2024-04-24,110322541426,32771454550,161023746,2372794749,5178517750,3509423404
1713830400,2024-04-23,110176193831,33113780540,161491223,2375167544,5167770410,3375097474
1713744000,2024-04-22,109770538268,33254485927,161277289,2361155564,5106963483,3203769915
1713657600,2024-04-21,109834873894,30997534960,162310135,2363464797,5084628478,3210584423
1713571200,2024-04-20,109818107184,30952792378,165153465,2364867163,5031897940,3212875203
1713484800,2024-04-19,109626703875,32426798943,165881396,2364831690,4988612268,3301173088
1713398400,2024-04-18,109037057960,29822078773,166374693,2374519269,4941397598,3361135248
1713312000,2024-04-17,108850326877,31931426237,167615213,2357733018,5035419860,3533611123
1713225600,2024-04-16,108172906462,31679194159,161429585,2361311549,4922635098,3595370772
1713139200,2024-04-15,107695174387,31565693027,161077215,2364024529,5012242343,3566786685
1713052800,2024-04-14,107634212916,31564046876,160604614,2374545997,5066747800,3560466798
1712966400,2024-04-13,107437724782,31250016708,160742147,2389563279,4875194205,3587833878
1712880000,2024-04-12,107384743432,31527635734,161330463,2363713097,4808622717,2953119573
1712793600,2024-04-11,107193158226,31509645825,161041926,2328810095,4791804133,2920827879
1712707200,2024-04-10,107111455988,31612175334,159949808,2278596735,4745275334,2996127207
1712620800,2024-04-09,106940561216,31873435429,160236879,2221465347,4793749752,3122524996
1712534400,2024-04-08,106813371160,32177145005,159565161,2069554812,5020938298,3141982168
1712448000,2024-04-07,106876390717,32231309133,159399878,2041475216,5045654029,3157973542
1712361600,2024-04-06,106897421348,32262528117,159633976,2013975479,4981461654,3157973542
1712275200,2024-04-05,106577367562,32300367400,160131645,2004738313,4930671598,2517714023
1712188800,2024-04-04,106235038539,32227321489,159686830,1977471671,4867169917,2142986973
1712102400,2024-04-03,105162325065,32097991712,158818606,1792468437,4894433644,2134568978
1712016000,2024-04-02,104583887620,31950812283,157797997,1558590684,4895402404,2185683368
1711929600,2024-04-01,104430769909,31790934909,158157768,1537863949,4828700122,2178303448
1711843200,2024-03-31,104593960679,31888581067,158510305,1533960515,4824415825,2189173226
1711756800,2024-03-30,104467632908,31813195975,158328962,1506114055,4826052061,2184825315
1711670400,2024-03-29,104488442732,31762384010,157715098,1396747855,4750530284,2171792451
1711584000,2024-03-28,104542722577,31478983777,157702572,1366327711,4757558406,2186217638
1711497600,2024-03-27,104350179944,31645359448,157528244,1345995765,4754423579,2255318028
1711411200,2024-03-26,104231823342,31565676685,157598071,1326399226,4723260603,2254506142
1711324800,2024-03-25,103871776944,30537647709,157016951,1302964927,4822425225,2245385158
1711238400,2024-03-24,104101505605,30577649880,157432533,1288827114,4776386201,2244511260
1711152000,2024-03-23,103950511982,30520873399,157110525,1270770568,4701783299,2243736209
1711065600,2024-03-22,104146152650,30325922757,156937313,1230427686,4625061086,2308913804
1710979200,2024-03-21,103892152366,29851267426,157496772,1200935293,4593566105,2357079997
1710892800,2024-03-20,104078947607,29868265444,158208207,1179465958,4637978201,2512707787
1710806400,2024-03-19,103656755951,29627022278,157437497,1149187567,4674144743,2613555275
1710720000,2024-03-18,103368853847,29306983385,157090270,1110844799,4615400004,2611160953
1710633600,2024-03-17,103506480428,29455102871,159452477,1095620165,4658860078,2622177754
1710547200,2024-03-16,103514693506,29347437142,157326703,1080272235,4612663368,2639606534
1710460800,2024-03-15,103463082823,29114642499,174620571,1063050250,4538893353,2645879209
1710374400,2024-03-14,103227274219,29256896342,176146585,1002175094,4523044713,2562011213
1710288000,2024-03-13,102759639775,28932993422,181419913,957013666,4500985789,2701511307
1710201600,2024-03-12,102367141199,28933491163,190650097,900281477,4504066736,2862439840
1710115200,2024-03-11,102012255784,28549784939,192901618,869042671,4509826203,2918263517
1710028800,2024-03-10,102016381296,28473959601,191095704,851419712,4340023219,2935755606
1709942400,2024-03-09,101789628700,28438705052,191471935,840679485,4341965691,2918263517
1709856000,2024-03-08,101241417082,27884612179,190170044,831461630,4384017027,2790985872
1709769600,2024-03-07,100622511924,27643315863,190929931,826608832,4781108081,2720763283
1709683200,2024-03-06,100534835759,27461004595,191136506,813900268,4714882544,2761694842
1709596800,2024-03-05,100238894972,27454362491,187372580,779358961,4875976227,2834827565
1709510400,2024-03-04,99724901849,27659095468,233359492,715466130,4937336055,2896782478
1709424000,2024-03-03,99422260259,27633202705,232365948,672776885,4917347837,2869083254
1709337600,2024-03-02,99272633719,27701302352,232539296,621475054,4949324545,2876231719
1709251200,2024-03-01,98932984696,27567259100,273038923,586849250,4931227075,2927812444
1709164800,2024-02-29,98654376826,27288538067,272487061,520553648,4911629565,2918424372
1709078400,2024-02-28,98378060190,27223268720,274558434,498043647,4902878120,2936699529
1708992000,2024-02-27,98076466747,27208402145,281644376,482644154,4891349417,2896837853
1708905600,2024-02-26,97888948753,27002777622,272252875,438089329,4871904740,2899734691
1708819200,2024-02-25,97836769496,26971671152,272094511,427662497,4857188027,2902631529
1708732800,2024-02-24,97897857760,26968070167,272871136,420890696,4852897366,2905528366
1708646400,2024-02-23,97751167575,26880158126,272620010,413999023,4833289737,2703329769
1708560000,2024-02-22,97712632144,26849270975,272428163,366030353,4852109211,2456810339
1708473600,2024-02-21,97787711855,26819040278,272736122,336034095,4858090731,2379357409
1708387200,2024-02-20,97666842000,26855740262,271714384,279605067,4895832670,2420854497
1708300800,2024-02-19,97664260351,26923120421,277180941,242299331,4848786610,2433554463
1708214400,2024-02-18,97742174104,26992523797,277270430,237538796,4841786921,2433573931
1708128000,2024-02-17,97634647604,26945682032,271000355,233468591,4821883565,2436007505
1708041600,2024-02-16,97304868931,26925152102,271672366,225993856,4827799404,2434115918
1707955200,2024-02-15,97336247917,27019362251,265960712,224277550,4820721188,2445800362
1707868800,2024-02-14,96787758381,26689026495,267482793,224287903,4807330965,2406811517
1707782400,2024-02-13,96637770433,26657244844,267146328,209320001,4819384497,2354746214
1707696000,2024-02-12,96558720640,26830414422,271272478,208643330,4856255292,2378246675
1707609600,2024-02-11,96425207261,26826968671,269923553,208426042,4837400591,2364146399
1707523200,2024-02-10,96208378383,26789597289,269918273,199075232,4820192058,2359446306
1707436800,2024-02-09,96289571761,26613016766,269427974,178829275,4804373570,2278073249
1707350400,2024-02-08,96269428997,26441199437,271654851,178839870,4816731937,2119718596
1707264000,2024-02-07,96080918392,26270335053,271947691,164014825,4815766852,2150775026
1707177600,2024-02-06,96064849275,25960467418,271092379,156206618,4796493170,2171199519
1707091200,2024-02-05,96181869124,25968400357,271187905,155114521,4816088471,2173147762
1707004800,2024-02-04,96135237584,25945765756,271014678,152371445,4817246588,2170253664
1706918400,2024-02-03,96202494292,25897770065,271391479,152388707,4818607349,2174378460
1706832000,2024-02-02,96305147414,25832679300,271089983,146674166,4820391581,2173813122
1706745600,2024-02-01,96000234428,25800260117,270264804,139828234,4818907120,2165307909
1706659200,2024-01-31,96140512112,25577385268,269362322,135206411,4885552834,2167097239
1706572800,2024-01-30,96040095474,25399939606,270000868,133208406,5149212544,2172959022
1706486400,2024-01-29,96019704040,25093990476,269916881,131674033,5153747658,2176648025
1706400000,2024-01-28,95969099987,25102273939,269701915,131717778,5152957700,2173602854
1706313600,2024-01-27,95967218711,25040021897,269713178,131627597,5162896202,2177539561
1706227200,2024-01-26,95543581705,24981649927,269739882,131806305,5150875299,2200963201
1706140800,2024-01-25,95512228464,24814074068,269468395,131307169,5121818658,2233017906
1706054400,2024-01-24,95659508140,24760631315,269157980,131073733,5109340608,2240473351
1705968000,2024-01-23,94865026114,24724312448,269080150,131725818,5083879257,2246498176
1705881600,2024-01-22,94791054938,24784733443,273987036,131856889,5098811741,2055715112
1705795200,2024-01-21,94845722752,24761922847,274347502,131377598,5107308192,2008289333
1705708800,2024-01-20,94907011924,24656609749,271118646,131115628,5108394025,2006285052
1705622400,2024-01-19,94924423335,24672165755,270508204,125458814,5109956211,1745302240
1705536000,2024-01-18,95040194578,24757519148,269508318,126058547,5126318535,2121265855
1705449600,2024-01-17,95068943281,24528687907,263875170,124297971,5133273609,2096250885
1705363200,2024-01-16,95014535787,24544889569,267259757,123349407,5138544673,2025043689
1705276800,2024-01-15,95077941897,24568582409,269672892,118618582,5143075167,2031100548
1705190400,2024-01-14,94959118221,24530719528,266807664,118542111,5175465590,2013276934
1705104000,2024-01-13,94942211254,24450101852,263249200,118357599,5177974891,2014884048
1705017600,2024-01-12,94980329573,24396498769,261419066,117342053,5237169267,2019130789
1704931200,2024-01-11,94685834131,24396846035,258660665,117438884,5231440994,2014016008
1704844800,2024-01-10,94228636696,24320257664,258476599,116791212,5230614304,2040074765
1704758400,2024-01-09,94057456783,24486881617,247315906,112270409,5223788433,1927390428
1704672000,2024-01-08,93585145320,24612675798,244118783,110182278,5194173518,1833954967
1704585600,2024-01-07,93621529319,24602680701,243824783,110556749,5198878192,1837280157
1704499200,2024-01-06,93320401318,24544588738,243955900,106668320,5200994101,1835460401
1704412800,2024-01-05,92873224702,24353067798,234800431,106594741,5228109788,1810096221
1704326400,2024-01-04,92356526357,24209743001,234043573,105303447,5222448516,1801090767
1704240000,2024-01-03,92020117112,24102510507,234207170,101501264,5212612186,1799866525
1704153600,2024-01-02,91957173752,24022237449,233756678,91507350,5196065632,1800947280
1704067200,2024-01-01,91665918562,23863493722,234316184,86250149,5164300298,1797300070
1703980800,2023-12-31,91768770464,24014669037,233831479,84763419,5181641814,1798245643
1703894400,2023-12-30,91743380100,24112008590,234056975,79289308,5198762139,1802892458
1703808000,2023-12-29,91497677422,24196714023,235930252,73012764,5194984734,1806494641
1703721600,2023-12-28,91518442108,24271389903,238269764,71416279,5225992129,1801355086
1703635200,2023-12-27,91315534130,24063409418,234440418,63983210,5224952108,1793824303
1703548800,2023-12-26,91298065200,24373802430,234178113,63286470,5243392088,1790133082
1703462400,2023-12-25,91276455285,24418976119,234345701,59614171,5261354226,1789888915
1703376000,2023-12-24,91324167292,24450610470,234755699,57403401,5268833981,1800727391
1703289600,2023-12-23,91166134358,24409485162,234532258,54958802,5239288189,1794998457
1703203200,2023-12-22,91042674797,24162537813,234525001,49298258,5224110541,1794769449
1703116800,2023-12-21,90997478400,24231924976,233249848,44103681,5225342687,1798932050
1703030400,2023-12-20,90852195037,24129631207,234022187,37611690,5222291564,1794799792
1702944000,2023-12-19,90706337371,23864303473,231207623,32553803,5221763455,1625421235
1702857600,2023-12-18,90789021963,23766619310,199945372,24730228,5213042169,1653859212
1702771200,2023-12-17,90814015237,23763502926,199522108,21501701,5210437944,1652578515
1702684800,2023-12-16,90757848534,23720549361,199902227,21501681,5176344943,1656324510
1702598400,2023-12-15,90750575813,23674274466,187708059,12886418,5189550892,1398859917
1702512000,2023-12-14,90565337799,23565830159,187279736,7030430,5190412393,1348241634
1702425600,2023-12-13,90528056603,23265822373,143267373,5420711,5217725290,1076361306
1702339200,2023-12-12,90788011889,23452324929,141661512,4945329,5323026918,1070141891
1702252800,2023-12-11,90501094898,23800720756,139655161,4945329,5366211499,1069074959
1702166400,2023-12-10,90561569096,23800765636,139585476,,5354611818,1069665678
1702080000,2023-12-09,90307767897,23748785464,139134127,,5341425790,1071212033
1701993600,2023-12-08,90228000442,23623785621,137427168,,5318325897,1070141891
1701907200,2023-12-07,90040209002,23564810695,126523085,,5317530838,1067735422
1701820800,2023-12-06,90095805311,23511688522,126091528,,5279763896,1070212115
1701734400,2023-12-05,89771965681,23642787409,118956005,,5283077409,966098113
1701648000,2023-12-04,89709343821,23774520696,115106870,,5281142362,966107779
1701561600,2023-12-03,89569124098,23822917455,115354219,,5255335264,966652972
1701475200,2023-12-02,89499174101,23806437665,115569058,,5268461398,966405509
1701388800,2023-12-01,89317080453,23807958530,115087149,,5277629085,965215531
1701302400,2023-11-30,89343105329,23785912952,112976790,,5263834919,845474539
1701216000,2023-11-29,89140885871,23836002103,113801494,,5273867499,776378575
1701129600,2023-11-28,88897224190,23704581164,113399551,,5267471634,777601972
1701043200,2023-11-27,88755950804,23944309262,113581162,,5278989965,778472858
1700956800,2023-11-26,88789651756,23962696021,113470319,,5279319907,778626248
1700870400,2023-11-25,88772134256,24002865143,113152497,,5266521818,779404874
1700784000,2023-11-24,88486990065,23754368571,113570689,,5234256377,678616068
1700697600,2023-11-23,88438827710,23739044305,113381000,,5224501541,679659513
1700611200,2023-11-22,88369058838,23700765516,113805648,,5241511242,682650711
1700524800,2023-11-21,88087213780,23877694072,113310525,,5223326418,681969423
1700438400,2023-11-20,87688283686,23802232356,114587476,,5230041003,681288135
1700352000,2023-11-19,87753374396,23770394758,114040699,,5204406576,681288135
1700265600,2023-11-18,87650408687,23748711603,113319845,,5194148691,680813958
1700179200,2023-11-17,87589526057,23530587086,114049109,,5212573298,681239082
1700092800,2023-11-16,87364348945,23426956320,113781341,,5212428434,682337471
1700006400,2023-11-15,87258995824,23171550057,114259780,,5226044875,682337471
1699920000,2023-11-14,87136449207,23396607702,114452515,,5253561351,681284733
1699833600,2023-11-13,86754712796,23582782540,114316096,,5260752267,682150682
1699747200,2023-11-12,86757241924,23571499924,114212404,,5276779628,681778099
1699660800,2023-11-11,86738442408,23518074759,114557460,,5255930621,683069858
1699574400,2023-11-10,86489374731,23487502648,114505434,,5274460068,680148532
1699488000,2023-11-09,86236089163,23618587003,114584776,,5283067262,683423064
1699401600,2023-11-08,86145267070,23740278486,114565673,,5309550120,683403924
1699315200,2023-11-07,85712109690,23815406157,114472461,,5320941100,682522763
1699228800,2023-11-06,85453352126,24003236380,114462074,,5349526110,683600117
1699142400,2023-11-05,85425224028,23982608181,114472735,,5344395205,683600117
1699056000,2023-11-04,85415214029,23895289768,114560340,,5329530688,639407204
1698969600,2023-11-03,85137597197,23843410568,114409607,,5320451167,589115255
1698883200,2023-11-02,84934312447,24185356167,114557640,,5336568738,591416058
1698796800,2023-11-01,84767046575,24168150604,114510848,,5285306344,562907086
1698710400,2023-10-31,84649163106,24328668603,114584921,,5342821155,468621579
1698624000,2023-10-30,84599753349,24456554296,114543169,,5433174957,469623579
1698537600,2023-10-29,84515238111,24413937127,114533554,,5437068507,469154892
1698451200,2023-10-28,84515238111,24380740868,114670905,,5468665519,469154892
1698364800,2023-10-27,84487655718,24549303846,114643038,,5492617964,468600905
1698278400,2023-10-26,84453054592,24580209493,114644698,,5477249255,471137125
1698192000,2023-10-25,84180828367,24462265269,106998039,,5479730078,478828451
1698105600,2023-10-24,84432650361,24888098940,96708500,,5516394453,484525221
1698019200,2023-10-23,84142359672,24900027940,114539313,,5546910386,479474165
1697932800,2023-10-22,84131359672,24936350369,96605754,,5550758859,480687397
1697846400,2023-10-21,84214389454,24911994452,96625792,,5538484322,480207669
1697760000,2023-10-20,83902581464,24865052469,96519842,,5514178365,478977067
1697673600,2023-10-19,83875799695,24761705567,96816326,,5479668250,474201779
1697587200,2023-10-18,83658558996,24756503401,96817788,,5478555061,467728161
1697500800,2023-10-17,83502236079,24740884768,86137951,,5466755336,467431622
1697414400,2023-10-16,83503204953,24668230630,86229936,,5479772466,468195889
1697328000,2023-10-15,83501125784,24601432915,86284491,,5473568407,467650051
1697241600,2023-10-14,83493443404,24564865698,86194092,,5456509657,468195889
1697155200,2023-10-13,83444883298,24604428204,86291468,,5448807653,467158001
1697068800,2023-10-12,83489452588,24709530175,86296757,,5481574880,462706423
1696982400,2023-10-11,83475174845,24877742366,86349566,,5497931849,406751178
1696896000,2023-10-10,83555541131,25024132301,75752960,,5512080702,409052701
1696809600,2023-10-09,83535018409,25005302854,75644420,,5487381239,408451991
1696723200,2023-10-08,83451566842,25015532573,75632659,,5486515320,409505077
1696636800,2023-10-07,83496479909,25012200848,75728573,,5474504238,409761178
1696550400,2023-10-06,83463049860,24738633326,75701321,,5471003803,406763578
1696464000,2023-10-05,83344022138,24698328717,59929845,,5467277025,406388542
1696377600,2023-10-04,83342217736,24796635416,59798686,,5470581734,407170341
1696291200,2023-10-03,83317986709,24938605244,60966190,,5490608168,407170341
1696204800,2023-10-02,83220106101,24801192130,60901029,,5490830488,406536604
1696118400,2023-10-01,83232172676,24773679312,60869115,,5478405736,406395050
1696032000,2023-09-30,83160754105,24716901602,60852525,,5483755015,406630973
1695945600,2023-09-29,83253698407,25129459997,10942231,,5475998005,407577105
1695859200,2023-09-28,83248340765,24965464978,10517038,,5459317927,388395896
1695772800,2023-09-27,83202933855,25071733285,10511587,,5454865186,386254501
1695686400,2023-09-26,83185008082,25117089276,9626215,,5460032295,392026320
1695600000,2023-09-25,83180866470,25297626288,9555387,,5463082635,392790185
1695513600,2023-09-24,83180866470,25257205925,9447639,,5454837898,393643304
1695427200,2023-09-23,83178483701,25252642283,9455908,,5437879583,393829604
1695340800,2023-09-22,83076676547,25277111704,9443025,,5422346935,393116203
1695254400,2023-09-21,83160240300,25472518214,8991015,,5420765665,393611689
1695168000,2023-09-20,83222641103,25560926090,9007344,,5411753151,393860219
1695081600,2023-09-19,83041508687,25614287936,8457297,,5409053155,394655833
1694995200,2023-09-18,83019048236,25650626449,8368290,,5423418298,394457160
1694908800,2023-09-17,83019048236,25662328824,8360003,,5391510327,393986648
1694822400,2023-09-16,83019048236,25589246327,8345264,,5370670849,393937391
1694736000,2023-09-15,83019048237,25668468459,7558694,,5354733779,394063097
1694649600,2023-09-14,83006535445,25709435746,7467829,,5328143309,393998470
1694563200,2023-09-13,83001549694,25700720118,6485932,,5307901742,395145006
1694476800,2023-09-12,82977303932,25563305869,6490044,,5300287318,393664493
1694390400,2023-09-11,83076364174,25640222571,6504345,,5295324875,393405265
1694304000,2023-09-10,82981419758,25580353050,6482678,,5260442143,393963117
1694217600,2023-09-09,82961584342,25549745739,6503174,,5253800080,393504150
1694131200,2023-09-08,82821764818,25445350445,5511408,,5240798289,395145006
1694044800,2023-09-07,82865513708,25579952964,5494635,,5246855901,393880050
1693958400,2023-09-06,82879652237,25591735568,5452542,,5218466328,381923994
1693872000,2023-09-05,82848493517,25742994752,5470131,,5221822552,380853339
1693785600,2023-09-04,82877292012,25916593491,5466460,,5235507063,382386783
1693699200,2023-09-03,82877292012,25870674648,5465791,,5220532564,382278072
1693612800,2023-09-02,82861296695,25883485123,5490058,,5206579069,382417023
1693526400,2023-09-01,82765281894,25897604034,5502203,,5211887699,362664737
1693440000,2023-08-31,82826068346,25823628075,4498640,,5200362899,324513389
1693353600,2023-08-30,82836705499,25840690905,4498955,,5193655430,325047307
1693267200,2023-08-29,82781936003,25733184247,4509162,,5154632905,324638397
1693180800,2023-08-28,82773976009,25740558067,4568700,,5149643671,323997227
1693094400,2023-08-27,82751198109,25678454999,4527835,,5134378389,323821296
1693008000,2023-08-26,82810006505,25635926640,3500379,,5104549537,324321224
1692921600,2023-08-25,82826258267,25556479672,3502226,,5108738435,323826305
1692835200,2023-08-24,82798717222,25706395180,2005124,,5062983678,312996747
1692748800,2023-08-23,82815209561,25576652788,2006811,,5081764129,312450239
1692662400,2023-08-22,82826097691,25646447437,2001443,,5082083199,312621650
1692576000,2023-08-21,82823608782,25674669315,2000946,,3969326856,312792747
1692489600,2023-08-20,82747742356,25670022585,2000867,,3928358097,312792747
1692403200,2023-08-19,82788657219,25431280865,2000809,,3931071702,312555337
1692316800,2023-08-18,82740286529,25784004617,510,,3933424140,311902948
1692230400,2023-08-17,82820995155,25704419856,379,,3920110194,305270030
1692144000,2023-08-16,83082121071,25694045368,373,,3927312790,305474600
1692057600,2023-08-15,83328343478,25657722803,307,,3964210580,305408020
1691971200,2023-08-14,83343295663,25879064236,235,,3993144855,308518266
1691884800,2023-08-13,83342878723,25822934721,187,,4007142238,308689950
1691798400,2023-08-12,83321948337,25782353613,177,,3967886895,305519938
1691712000,2023-08-11,83359474018,25807229658,127,,4004527923,300784747
1691625600,2023-08-10,83389373846,25945179045,98,,4046545252,301085532
1691539200,2023-08-09,83477652370,25956408430,78,,4047012740,290884747
1691452800,2023-08-08,83452899346,25806157918,78,,4023688271,291461642
1691366400,2023-08-07,83734320818,25674468300,,,4030764584,291303678
1691280000,2023-08-06,83792031429,25676800684,,,4032872011,291560543
1691193600,2023-08-05,83742625107,25688359008,,,4033894909,291560543
1691107200,2023-08-04,83835156582,25765219602,,,4053444400,259064638
1691020800,2023-08-03,83855454636,25890607487,,,4080386474,257547455
1690934400,2023-08-02,83857171498,26014991609,,,4115222288,154452355
1690848000,2023-08-01,83866668319,26195419435,,,4171843337,21194355
1690761600,2023-07-31,83797285742,26261362184,,,4153599268,20224559
1690675200,2023-07-30,83774337453,26251872817,,,4148242222,20224559
1690588800,2023-07-29,83803836403,26224182963,,,4153534370,20224559
1690502400,2023-07-28,83796155530,26251972715,,,4175435568,20204355
1690416000,2023-07-27,83878723305,26233307648,,,4185744500,
1690329600,2023-07-26,83789146039,26322031148,,,4193248107,
1690243200,2023-07-25,83776962706,26397964508,,,4200535806,
1690156800,2023-07-24,83780338989,26517757002,,,4232433949,
1690070400,2023-07-23,83864119328,26526966073,,,4231119449,
1689984000,2023-07-22,83775338994,26529891361,,,4234337720,
1689897600,2023-07-21,83798446907,26582269438,,,4251104355,
1689811200,2023-07-20,83730306939,26632287892,,,4257529974,
1689724800,2023-07-19,83784430445,26773500973,,,4266628279,
1689638400,2023-07-18,83729629319,26816244126,,,4267715079,
1689552000,2023-07-17,83628525930,27019174900,,,4280593150,
1689465600,2023-07-16,83701143467,27023853351,,,4282335315,
1689379200,2023-07-15,83676595996,27015395913,,,4280425859,
1689292800,2023-07-14,83496653252,27155801117,,,4286614846,
1689206400,2023-07-13,83357216574,26983628990,,,4282971651,
1689120000,2023-07-12,83352634014,27033784881,,,4291742407,
1689033600,2023-07-11,83307041104,27106173675,,,4285337639,
1688947200,2023-07-10,83266954932,27196627234,,,4291009738,
1688860800,2023-07-09,83337768983,27204291700,,,4299371633,
1688774400,2023-07-08,83421106762,27206196672,,,4307042081,
1688688000,2023-07-07,83286152715,27247399713,,,4305941174,
1688601600,2023-07-06,83295588022,27415757731,,,4317257780,
1688515200,2023-07-05,83333734068,27496206223,,,4333968896,
1688428800,2023-07-04,83331873579,27424393772,,,4329736144,
1688342400,2023-07-03,83307610989,27184310082,,,4338410396,
1688256000,2023-07-02,83303778230,27148199613,,,4341414623,
1688169600,2023-07-01,83320859006,27160058339,,,4341029127,
1688083200,2023-06-30,83343774906,27712116944,,,4378866472,
1687996800,2023-06-29,83218925627,27894249610,,,4395759304,
1687910400,2023-06-28,83472308355,27979425219,,,4414494648,
1687824000,2023-06-27,83214509943,28155502275,,,4434502160,
1687737600,2023-06-26,83168628702,28224054250,,,4444143766,
1687651200,2023-06-25,83355547655,28251419040,,,4454474273,
1687564800,2023-06-24,83126689056,28204233361,,,4452348106,
1687478400,2023-06-23,83120533427,28164833104,,,4443947162,
1687392000,2023-06-22,83139152980,28232880812,,,4424675101,
1687305600,2023-06-21,83416435930,28403554437,,,4450351123,
1687219200,2023-06-20,83123427433,28182762257,,,4416515928,
1687132800,2023-06-19,83124427752,28130413960,,,4425765408,
1687046400,2023-06-18,83138397964,28134513017,,,4415101814,
1686960000,2023-06-17,83491500891,28135909416,,,4398108246,
1686873600,2023-06-16,83411982191,27996123157,,,4387503684,
1686787200,2023-06-15,83539459054,27888345408,,,4479918234,
1686700800,2023-06-14,83505217924,28014906375,,,4496358864,
1686614400,2023-06-13,83462067412,28111537859,,,4516206737,
1686528000,2023-06-12,83432012721,28231193002,,,4546592582,
1686441600,2023-06-11,83427007721,28175141925,,,4543950610,
1686355200,2023-06-10,83329997419,28120319455,,,4542137281,
1686268800,2023-06-09,83464345326,28274620910,,,4552193398,
1686182400,2023-06-08,83360868858,28417077308,,,4568056316,
1686096000,2023-06-07,83264482931,28565974265,,,4569471817,
1686009600,2023-06-06,83195143057,28690969178,,,4582843493,
1685923200,2023-06-05,83138645060,28799249065,,,4593888569,
1685836800,2023-06-04,83133645068,28766911374,,,4589498786,
1685750400,2023-06-03,83211773718,28769766742,,,4591182850,
1685664000,2023-06-02,83222845215,28708966078,,,4601440547,
1685577600,2023-06-01,83281686114,28661886738,,,4624482502,
1685491200,2023-05-31,83135276538,28813893820,,,4624471579,
1685404800,2023-05-30,83078793317,28891912599,,,4621707002,
1685318400,2023-05-29,83186342769,28835422183,,,4623864067,
1685232000,2023-05-28,83085039920,28901455695,,,4622298595,
1685145600,2023-05-27,83098239535,28871964234,,,4617885101,
1685059200,2023-05-26,83047999631,28901428644,,,4622155160,
1684972800,2023-05-25,83049248000,28925082186,,,4623581462,
1684886400,2023-05-24,83096587524,29159242313,,,4635891798,
1684800000,2023-05-23,82949208885,29297607147,,,4659835063,
1684713600,2023-05-22,82905728289,29408086259,,,4663438158,
1684627200,2023-05-21,82983629023,29452404289,,,4648066388,
1684540800,2023-05-20,82895728300,29417054273,,,4664564196,
1684454400,2023-05-19,82843573932,29510053303,,,4673272564,
1684368000,2023-05-18,82840018135,29371838782,,,4667718936,
1684281600,2023-05-17,82914914794,29544930046,,,4668666702,
1684195200,2023-05-16,82892086547,29737666618,,,4668165174,
1684108800,2023-05-15,82887081554,29850923896,,,4667519689,
1684022400,2023-05-14,82866669088,29861326096,,,4673274739,
1683936000,2023-05-13,82949452973,29824998855,,,4668987848,
1683849600,2023-05-12,82795872918,29807187712,,,4679192053,
1683763200,2023-05-11,82681713715,29915212284,,,4694242077,
1683676800,2023-05-10,82630992515,30059218004,,,4695825931,
1683590400,2023-05-09,82407679458,30068002727,,,4686842442,
1683504000,2023-05-08,82058136655,30207211099,,,4684731124,
1683417600,2023-05-07,82237227797,30212502747,,,4678814788,
1683331200,2023-05-06,82232217802,30278897763,,,4672681864,
1683244800,2023-05-05,82052222893,29950724570,,,4678699548,
1683158400,2023-05-04,82057450732,30030905897,,,4685076319,
1683072000,2023-05-03,82018490828,30122105422,,,4709250046,
1682985600,2023-05-02,81872638699,30208497083,,,4727919990,
1682899200,2023-05-01,81789475092,30369292395,,,4736276544,
1682812800,2023-04-30,81779465088,30383345254,,,4732465508,
1682726400,2023-04-29,81851142869,30371295833,,,4732221148,
1682640000,2023-04-28,81768396221,30406568853,,,4782182539,
1682553600,2023-04-27,81825900442,30463344226,,,4796283238,
1682467200,2023-04-26,81566488286,30547959541,,,4784800976,
1682380800,2023-04-25,81609928404,30525268102,,,4786558020,
1682294400,2023-04-24,81522960158,30664917788,,,4774831077,
1682208000,2023-04-23,81512950158,30626893202,,,4779978894,
1682121600,2023-04-22,80620559312,30623146684,,,4798538675,
1682035200,2023-04-21,81397398449,30843626016,,,4850557997,
1681948800,2023-04-20,81372689700,31007961581,,,4857584392,
1681862400,2023-04-19,81164195713,31228868227,,,4860312125,
1681776000,2023-04-18,81133975239,31513623075,,,4882349578,
1681689600,2023-04-17,80923461589,31704057501,,,5010031806,
1681603200,2023-04-16,80994375051,31652855259,,,5026673664,
1681516800,2023-04-15,81058254514,31690139980,,,5018247378,
1681430400,2023-04-14,80999225951,31810269239,,,5010239606,
1681344000,2023-04-13,80731588297,31947928087,,,5020927008,
1681257600,2023-04-12,80523709558,32177486887,,,5042072070,
1681171200,2023-04-11,80503925004,32244073459,,,5056144839,
1681084800,2023-04-10,80203187657,32348239340,,,5068932967,
1680998400,2023-04-09,80363594033,32471095249,,,5082755232,
1680912000,2023-04-08,80273380845,32400824071,,,5080431498,
1680825600,2023-04-07,80268223491,32440018971,,,5085068955,
1680739200,2023-04-06,80180533983,32292582445,,,5083854788,
1680652800,2023-04-05,80077211664,32331488259,,,5092481464,
1680566400,2023-04-04,80061128106,32402430808,,,5090412646,
1680480000,2023-04-03,79955101474,32242579486,,,5109286488,
1680393600,2023-04-02,79766196973,32217032516,,,5098655957,
1680307200,2023-04-01,79766196973,32295888528,,,5097219737,
1680220800,2023-03-31,79904009619,32629115190,,,5101860937,
1680134400,2023-03-30,79633547900,32891818028,,,5100741428,
1680048000,2023-03-29,79593057824,32934314212,,,5118816202,
1679961600,2023-03-28,79528056028,33215151394,,,5147163334,
1679875200,2023-03-27,79176880832,33687740044,,,5229108717,
1679788800,2023-03-26,79711413324,33889963193,,,5257546602,
1679702400,2023-03-25,79568045897,33902132429,,,5264373962,
1679616000,2023-03-24,78871146827,34295179757,,,5283706491,
1679529600,2023-03-23,78243089847,34700058814,,,5300515031,
1679443200,2023-03-22,77893564136,35088512801,,,5392314455,
1679356800,2023-03-21,77694409633,35338614585,,,5415519713,
1679270400,2023-03-20,76635317270,36008105189,,,5420312523,
1679184000,2023-03-19,76823190941,36075587852,,,5435688195,
1679097600,2023-03-18,76554536232,36008530037,,,5464527230,
1679011200,2023-03-17,75614823945,36771810880,,,5571608490,
1678924800,2023-03-16,74692029566,37276257560,,,5807106074,
1678838400,2023-03-15,73473760305,38001901940,,,6001063385,
1678752000,2023-03-14,73183773107,39059915474,,,6273857825,
1678665600,2023-03-13,73283028734,40141755845,,,6324897257,
1678579200,2023-03-12,72120358309,39077959674,,,5611653428,
1678492800,2023-03-11,72291373373,42097257578,,,5087182658,
1678406400,2023-03-10,71792276224,43176044700,,,4913430929,
1678320000,2023-03-09,71725958692,43195640252,,,4977973955,
1678233600,2023-03-08,71722058691,43227439740,,,4991117342,
1678147200,2023-03-07,71581963508,43287908071,,,5003815360,
1678060800,2023-03-06,71479265039,43489028917,,,5001552757,
1677974400,2023-03-05,71438255243,43224016572,,,5015767929,
1677888000,2023-03-04,71356058935,42978579427,,,5007926870,
1677801600,2023-03-03,71109533437,42691008233,,,5021398281,
1677715200,2023-03-02,71063250396,42081877907,,,5012317745,
1677628800,2023-03-01,70968174583,41992208138,,,5023892836,
1677542400,2023-02-28,70919778481,42128205215,,,5030035420,
1677456000,2023-02-27,70876378483,42159860827,,,5027384709,
1677369600,2023-02-26,70846363789,42112480597,,,5023408247,
1677283200,2023-02-25,70791940347,42039422530,,,5024082352,
1677196800,2023-02-24,70688492884,41792113448,,,5023388682,
1677110400,2023-02-23,70591325939,41651964714,,,5033950493,
1677024000,2023-02-22,70461120891,41627344514,,,5025177698,
1676937600,2023-02-21,70436679657,41472492810,,,5087891608,
1676851200,2023-02-20,70415867086,41409293788,,,5084786985,
1676764800,2023-02-19,70415905100,41359153159,,,5082457097,
1676678400,2023-02-18,70286590658,41399153038,,,5071632382,
1676592000,2023-02-17,70153203879,41155031849,,,5092439558,
1676505600,2023-02-16,69794648104,40972543090,,,5086953497,
1676419200,2023-02-15,69512709640,40524095140,,,5088103207,
1676332800,2023-02-14,69157627122,40452066532,,,5095536061,
1676246400,2023-02-13,68412500195,40709074101,,,5084104186,
1676160000,2023-02-12,68388188510,40781641461,,,5084880163,
1676073600,2023-02-11,68318922892,40852727448,,,5088838723,
1675987200,2023-02-10,68187940008,40981967912,,,5089542168,
1675900800,2023-02-09,68178436345,41014038451,,,5099462991,
1675814400,2023-02-08,68184621866,41168900667,,,5095886732,
1675728000,2023-02-07,68181990160,41337910170,,,5106436999,
1675641600,2023-02-06,68073000195,41496626407,,,5110815133,
1675555200,2023-02-05,68071573715,41435915232,,,5101727314,
1675468800,2023-02-04,68028048893,41463032779,,,5095394494,
1675382400,2023-02-03,68036211442,41915737344,,,5111029087,
1675296000,2023-02-02,67815863019,41863253556,,,5100539419,
1675209600,2023-02-01,67798826675,41883672268,,,5111529437,
1675123200,2023-01-31,67806044005,42153164185,,,5124224813,
1675036800,2023-01-30,67778453765,42575209079,,,5138981027,
1674950400,2023-01-29,67639905326,42687864705,,,5135544628,
1674864000,2023-01-28,67517343369,42649100298,,,5131334513,
1674777600,2023-01-27,67335036407,42883164714,,,5141678611,
1674691200,2023-01-26,67187728354,43129927507,,,5157573092,
1674604800,2023-01-25,67039191545,43242186484,,,5157401197,
1674518400,2023-01-24,66847055676,43056721602,,,5145473306,
1674432000,2023-01-23,66765654159,43069108722,,,5142898626,
1674345600,2023-01-22,66703495301,42928688531,,,5134044835,
1674259200,2023-01-21,66484133025,42770108666,,,5116398819,
1674172800,2023-01-20,66476820501,42558569898,,,5112492222,
1674086400,2023-01-19,66477485276,42666482873,,,5114816479,
1674000000,2023-01-18,66492831604,43138452203,,,5099994279,
1673913600,2023-01-17,66485923929,43410366808,,,5101107756,
1673827200,2023-01-16,66374033440,43471957434,,,5104059768,
1673740800,2023-01-15,66354669258,43255848842,,,5098787272,
1673654400,2023-01-14,66270814051,43018350616,,,5087447835,
1673568000,2023-01-13,66270292018,43497346143,,,5059140926,
1673481600,2023-01-12,66265897676,43376173705,,,5060248929,
1673395200,2023-01-11,66263599730,43248929190,,,5072086857,
1673308800,2023-01-10,66265138847,43177913673,,,5071835388,
1673222400,2023-01-09,66275348317,43528571993,,,5065865236,
1673136000,2023-01-08,66247923826,43393473581,,,5050032369,
1673049600,2023-01-07,66243602677,43274162130,,,5005905382,
1672963200,2023-01-06,66238632792,43297447361,,,5016842826,
1672876800,2023-01-05,66236484982,43711606798,,,5033918728,
1672790400,2023-01-04,66232840220,43755897726,,,5058619852,
1672704000,2023-01-03,66233172164,44295880516,,,5058345101,
1672617600,2023-01-02,66229859346,44205779414,,,5053579797,
1672531200,2023-01-01,66237201876,44138662628,,,5056050726,